Relations,Labels,Templates,We don't know Y,Plural Templates,Checked by German Speaker?,
http://www.wikidata.org/entity/P1001,gehört zum Zuständigkeitsbereich,X gehört zum Zuständigkeitsbereich von Y,Ich weiß nicht wer für X zuständig ist.,X gehört zum Zuständigkeitsbereich von Y,TRUE,Instructions:
http://www.wikidata.org/entity/P101,Arbeitsgebiet,Die Disziplin von X ist Y.,Ich kenne die Disziplin von X nicht.,Die Disziplinen von X sind Y.,TRUE,You can enter the Wikidata links in your browser to get more information.
http://www.wikidata.org/entity/P102,Parteizugehörigkeit,X ist Mitglied der Y.,Ich weiß nicht zu welcher Partei X gehört.,X ist Mitglied der Y.,TRUE,Use article(X) or article(Y) if you want to get the article of an entity.
http://www.wikidata.org/entity/P1027,verliehen von,X wird von Y verliehen.,"Ich weiß nicht, von wem X verliehen wurde.",X wird von Y verliehen.,TRUE,
http://www.wikidata.org/entity/P1028,gestiftet von,X wurde von Y gespendet.,"Ich weiß nicht, wer X gespendet hat.",X wurde von Y gespendet.,TRUE,
http://www.wikidata.org/entity/P1029,Mannschaftsmitglied,Y ist ein Mannschaftsmitglied von X.,Ich kenne keine Mannschaftsmitglieder von X.,Y sind Mannschaftsmitglieder von X.,TRUE,
http://www.wikidata.org/entity/P103,Muttersprache,Y ist eine Muttersprache von X.,Ich kenne die Muttersprachen von X nicht.,Y sind die Muttersprachen von X,TRUE,
http://www.wikidata.org/entity/P1037,Leiter,Y verwaltet X.,"Ich weiß nicht, wer X verwaltet.",Y leiten X,TRUE,
http://www.wikidata.org/entity/P1038,Verwandte,X ist verwandt mit Y,Ich kenne keine Verwandten von X.,X ist verwandt Y,TRUE,
http://www.wikidata.org/entity/P1040,Filmeditor,Y ist der Filmeditor von X.,Ich kenne keinen Filmeditor von X.,Y sind Filmeditoren von Y.,TRUE,
http://www.wikidata.org/entity/P1050,Erkrankung,X hat die Erkrankung Y.,Ich kenne die Erkrankung von X nicht.,X hat die Erkrankungen Y.,TRUE,
http://www.wikidata.org/entity/P1056,Produkt,X produziert Y,"Ich weiß nicht, was X produziert.",X produziert Y,TRUE,
http://www.wikidata.org/entity/P1057,Chromosom,X liegt auf Chromosom Y.,"Ich weiß nicht, wo X sich befindet.",X liegt auf den Chromosomen Y.,TRUE,
http://www.wikidata.org/entity/P106,Tätigkeit,Y ist die Tätigkeit von X.,Ich kenne die Tätigkeit von X nicht.,Y sind Tätigkeiten von X.,TRUE,
http://www.wikidata.org/entity/P1064,Spurweite,Y ist eine Spurweite von X.,Ich kenne die Spurweite von X nicht.,Y sind die Spurweiten von X.,TRUE,
http://www.wikidata.org/entity/P1066,Schüler von,X ist ein Schüler von Y,"Ich weiß nicht, wessen Schüler X ist.",X ist ein Schüler von Y.,TRUE,
http://www.wikidata.org/entity/P1071,Herstellungsort,X wird schließlich in Y montiert.,"Ich weiß nicht, wo X schließlich montiert wird.",X wird schließlich in Y montiert.,TRUE,
http://www.wikidata.org/entity/P108,Arbeitgeber,Y ist der Arbeitgeber von X.,"Ich weiß nicht, wer Arbeitsgeber von X ist.",Y sind die Arbeitgeber von X.,TRUE,
http://www.wikidata.org/entity/P1080,aus fiktivem Universum,X stammt aus dem fiktiven Universum von Y,"Ich weiß nicht, von welchem fiktiven Universum X stammt.",X stammt aus dem fiktiven Universum von Y.,TRUE,
http://www.wikidata.org/entity/P110,Illustrator,Y ist ein Illustrator von X.,"Ich weiß nicht, wer Illustrator von X ist.",Y sind Illustratoren von X.,TRUE,
http://www.wikidata.org/entity/P112,Gründer,X wurde von Y gegründet.,"Ich weiß nicht, wer X gegründet hat.",X wurde von Y gegründet.,TRUE,
http://www.wikidata.org/entity/P113,Luftfahrt-Drehkreuz,Y ist ein Airline-Drehkreuz von X.,Ich kenne den Airline-Drehkreuz von X nicht.,Y sind Airline-Drehkreuze von X.,TRUE,
http://www.wikidata.org/entity/P1142,politische Ideologie,Y ist eine politische Ideologie von X.,Ich kenne die politische Ideologie von X nicht.,Y sind politische Ideologien von X.,TRUE,
http://www.wikidata.org/entity/P115,Stadion,Y ist ein Heimatort von X.,Ich kenne den Heimatort von X nicht.,Y sindHeimatorte von X.,TRUE,
http://www.wikidata.org/entity/P118,Liga,X war in der Y-Liga.,"Ich weiß nicht, in welcher Liga X war.",X war in den Y-Ligen.,TRUE,
http://www.wikidata.org/entity/P119,Begräbnisort,Die Grabstätte von X ist Y.,"Ich weiß nicht, wo X vergraben ist.",Die Grabstätten von X sind Y.,TRUE,
http://www.wikidata.org/entity/P1192,Umsteigemöglichkeiten,X verbindet mit Y,Ich kenne keine Verbindungen zu/von X.,X verbindet mit Y,TRUE,
http://www.wikidata.org/entity/P1196,Todesart,X starb wegen Y.,"Ich weiß nicht, warum X gestorben ist.",X starb wegen Y.,TRUE,
http://www.wikidata.org/entity/P121,eingesetztes Objekt,X betätigt Y,"Ich weiß nicht, was X betätigt.",X betätigt Y,TRUE,
http://www.wikidata.org/entity/P122,Regierungsform,Eine grundlegende Form der Regierung in X ist Y.,Ich kenne die Regierungsform in X nicht.,Grundlegende Formen der Regierung in X sind Y.,TRUE,
http://www.wikidata.org/entity/P123,Verlag,Y ist der Herausgeber von X.,"Ich weiß nicht, wer X veröffentlicht hat.",Y sind die Herausgeber von X.,TRUE,
http://www.wikidata.org/entity/P126,Betreuer,X wird von Y gepflegt.,"Ich weiß nicht, wer X pflegt.",X wird von Y gepflegt.,TRUE,
http://www.wikidata.org/entity/P127,Eigentümer,Y ist der Eigentümer von X.,"Ich weiß nicht, wem X gehört.",Y sind die Eigentümer von X.,TRUE,
http://www.wikidata.org/entity/P129,interagiert physikalisch mit,X interagiert physisch mit Y,"Ich weiß nicht, wer physisch mit X interagiert.",X interagiert physisch mit Y,TRUE,
http://www.wikidata.org/entity/P1303,Instrument,X spielt Y,"Ich weiß nicht, welche Instrumente X spielt.",X spielt Y,TRUE,
http://www.wikidata.org/entity/P131,liegt in der Verwaltungseinheit,X befindet sich in Y,"Ich weiß nicht, wo sich X befindet.",X befindet sich in Y,TRUE,
http://www.wikidata.org/entity/P1313,oberstes Regierungsamt,Das oberste Regierungsamt von X wird Y genannt.,"Ich weiß nicht, wie das oberste Regierungsamt von X genannt wird.",Die obersten Regierungsämter von X werden Y genannt.,TRUE,
http://www.wikidata.org/entity/P1340,Augenfarbe,Die Augenfarbe von X ist Y.,Ich kenne die Augenfarbe von X nicht.,Die Augenfarben von X sind Y.,TRUE,
http://www.wikidata.org/entity/P1344,Teilnehmer an,X ist ein Teilnehmer an Y,"Ich weiß nicht, woran X teilnimmt.",X ist ein Teilnehmer an Y,TRUE,
http://www.wikidata.org/entity/P1346,Sieger,X wird durch Y gewonnen.,"Ich weiß nicht, wodurch X gewonnen wird.",X wird durch Y gewonnen.,TRUE,
http://www.wikidata.org/entity/P135,Bewegung,X war Teil der Bewegung Y.,"Ich weiß nicht, ob X Teil der Bewegung war. ",X war Teil der Bewegungen Y.,TRUE,
http://www.wikidata.org/entity/P136,Genre,Das Genre von X ist Y.,Ich kenne das Genre von X nicht.,Die Genre von X sind Y.,TRUE,
http://www.wikidata.org/entity/P137,Betreiber,Y ist ein Betreiber von X,"Ich weiß nicht, wer Betreiber von X ist.",Y sind Betreiber von X,TRUE,
http://www.wikidata.org/entity/P1376,Hauptstadt von,X ist eine Hauptstadt von Y,"Ich weiß nicht, wovon X die Hauptstadt ist.",X ist eine Hauptstadt von Y,TRUE,
http://www.wikidata.org/entity/P138,benannt nach,X wurde nach Y benannt.,"Ich weiß nicht, nach was X genannt wurde.",X wurde nach Y benannt.,TRUE,
http://www.wikidata.org/entity/P1382,teilweise übereinstimmend mit,X ist teilweise deckungsgleich mit Y,"Ich weiß nicht, mit was X teilweise übereinstimmt.",X ist teilweise deckungsgleich mit Y,TRUE,
http://www.wikidata.org/entity/P1383,enthält Siedlung,X enthält die Abrechnung Y,"Ich weiß nicht, welche Abrechnung X enthält.",X enthält die Abrechnungen Y,TRUE,
http://www.wikidata.org/entity/P1389,Produktzertifikat,X hat eine Produktzertifizierung von Y,"Ich weiß nicht, welche Produktzertifizierungen X hat?",X hat eine Produktzertifizierung von Y,TRUE,
http://www.wikidata.org/entity/P1399,verurteilt wegen,X wurde wegen Y für schuldig befunden.,Ich weiß nichts von einer Verurteilung von X.,X wurde wegen Y für schuldig befunden.,TRUE,
http://www.wikidata.org/entity/P140,Religionszugehörigkeit,Y ist die Religion von X.,Ich kenne die Religion von X nicht.,Y sind die Religionen von X.,TRUE,
http://www.wikidata.org/entity/P1403,Erstkombination,Y ist ein Protonym von X,Ich kenne das Protonym von X nicht.,Y sind Protonyme von X,TRUE,
http://www.wikidata.org/entity/P1408,Stadt der Lizenz,"X ist berechtigt, an Y zu senden.","Ich weiß nicht, ob X berechtigt ist zu senden.","X ist berechtigt, an Y zu senden.",TRUE,
http://www.wikidata.org/entity/P1411,nominiert für,X ist nominiert für Y,Ich kenne keine der Nominierungen von X.,X ist nominiert für Y,TRUE,
http://www.wikidata.org/entity/P1412,gesprochene oder publizierte Sprachen,X spricht die Sprache Y.,"Ich weiß nicht, welche Sprache X spricht.",X spricht die Sprachen Y,TRUE,
http://www.wikidata.org/entity/P1416,Zugehörigkeit zu,X ist mit Y verbunden.,"Ich weiß nicht, welche Affinitäten X hat.",X ist mit Y verbunden.,TRUE,
http://www.wikidata.org/entity/P1427,geografischer Startpunkt,Y ist der Startpunkt von X.,Ich kenne den Ausgangspunkt von X nicht.,Y sind die Startpunkte von X.,TRUE,
http://www.wikidata.org/entity/P1431,Produktionsleiter,Y ist der Produktionsleiter von X.,"Ich weiß nicht, wer der Produktionsleiter von X ist.",Y sind die Produktionsleiter von X.,TRUE,
http://www.wikidata.org/entity/P1433,veröffentlicht in,X wurde in Y veröffentlicht.,"Ich weiß nicht, wo X veröffentlicht wurde.",X wurde in Y veröffentlicht.,TRUE,
http://www.wikidata.org/entity/P1434,beschreibt fiktives Universum,X geschieht in einem fiktiven Universum Y.,"Ich weiß nicht, in welchem fiktiven Universum X stattfindet.",X beschreibt fiktive Universen Y.,TRUE,
http://www.wikidata.org/entity/P1435,Schutzkategorie,Y ist die Heimatbezeichnung für X.,Ich kenne die Erbenbezeichnung für X nicht.,Y sind die Heimatbezeichnungen für X.,TRUE,
http://www.wikidata.org/entity/P144,Vorlage,X basiert auf Y.,"Ich weiß nicht, worauf X basiert.",X basiert auf Y.,TRUE,
http://www.wikidata.org/entity/P1441,kommt vor in,X ist in Y vorhanden.,"Ich weiß nicht, wo X vorhanden ist.",X ist in Y vorhanden.,TRUE,
http://www.wikidata.org/entity/P1444,geografischer Endpunkt,Der Zielpunkt von X ist Y.,"Ich weiß nicht, was das Ziel von X ist.",Die Zielpunkte von X sind Y.,TRUE,
http://www.wikidata.org/entity/P1445,fiktives Universum wird beschrieben in,X ist ein fiktives Universum von Y.,"Ich weiß nicht, in welchem fiktiven Universum X beschrieben ist.",X ist ein fiktives Universum von Y.,TRUE,
http://www.wikidata.org/entity/P1454,Rechtsform,Rechtsform von X ist Y.,Ich kenne die Rechtsform von X nicht.,Rechtsform von X sind Y.,TRUE,
http://www.wikidata.org/entity/P1462,standardisiert von,Y erhält X.,"Ich weiß nicht, wer X enthält.",Y erhalten X.,TRUE,
http://www.wikidata.org/entity/P149,Architekturstil,X wurde im Y-Architekturstil konstruiert.,Ich kenne den Baustil für X nicht.,X wurde in den Y-Architekturstilen konstruiert.,TRUE,
http://www.wikidata.org/entity/P1532,Land (Sport),X steht für Y.,"Ich weiß nicht, welches Land X repräsentiert.",X steht für Y.,TRUE,
http://www.wikidata.org/entity/P1533,Familienname identisch zu diesem Vornamen,X hat einen Familiennamen Y.,Ich kenne den Familiennamen von X nicht.,X hat die Familiennamen Y.,TRUE,
http://www.wikidata.org/entity/P1542,Ursache von,X ergibt Y.,"Ich weiß nicht, woraus X resultiert.",X ergibt Y.,TRUE,
http://www.wikidata.org/entity/P157,getötet durch,X wurde von Y getötet.,"Ich weiß nicht, wer X getötet hat.",X wurde von Y getötet.,TRUE,
http://www.wikidata.org/entity/P1576,Lebensstil,Der Lebensstil von X ist Y.,Ich weiß nichts über den Lebensstil von X.,Die Lebensstiel von X sind Y.,TRUE,
http://www.wikidata.org/entity/P159,Hauptverwaltung,Y ist der Hauptsitz von X.,"Ich weiß nicht, wo sich der Hauptsitz von X befindet.",Y sind die Hauptsitze von X.,TRUE,
http://www.wikidata.org/entity/P16,Straßennetz,X ist Teil von Y.,"Ich weiß nicht, zu welchem Autobahnsystem X gehört.",X ist Teil von Y.,TRUE,
http://www.wikidata.org/entity/P161,Darsteller,Y hat an X teilgenommen.,"Ich weiß nicht, wo X teilgenommen hat.",Y haben an X teilgenommen.,TRUE,
http://www.wikidata.org/entity/P162,Produzent,X wird von Y produziert.,"Ich weiß nicht, wer X produziert hat.",X wird von Y produziert.,TRUE,
http://www.wikidata.org/entity/P163,Flagge,X hat Y.,"Ich weiß nicht, welche Flagge X hat.",X hat Y.,TRUE,
http://www.wikidata.org/entity/P166,Auszeichnung,X wurde mit dem Y ausgezeichnet.,"Ich weiß nicht, welche Auszeichnung X erhalten hat.",X wurde mit den Y ausgezeichnet.,TRUE,
http://www.wikidata.org/entity/P169,Geschäftsführer,Der CEO von X ist Y.,Ich kenne den CEO von X nicht.,Die CEO von X sind Y.,TRUE,
http://www.wikidata.org/entity/P17,Staat,Das Land von X ist Y.,"Ich weiß nicht, was das Land von X ist.",Die Länder von X sind Y.,TRUE,
http://www.wikidata.org/entity/P170,Urheber,X wird von Y erstellt.,"Ich bin mir nicht sicher, wer X erstellt hat.",X wird von Y erstellt.,TRUE,
http://www.wikidata.org/entity/P172,Bevölkerungsgruppe,Die Ethnie von X ist Y.,Ich habe keine Informationen über die Ethnizität von X.,Die Ethnien von X sind Y.,TRUE,
http://www.wikidata.org/entity/P175,Interpret,Y ist der Interpret von X.,Ich habe keine Informationen über die Interpreten von X.,Y sind die Interpreten von X.,TRUE,
http://www.wikidata.org/entity/P1750,Namenstag,Der Namenstag von X ist am Y.,Ich kann den Namenstag von X nicht finden.,Die Namenstage von X sind am Y.,TRUE,
http://www.wikidata.org/entity/P176,Hersteller,X wurde von Y gebaut.,"Ich bin mir nicht sicher, wer X gebaut hat.",X wurde von Y gebaut.,TRUE,
http://www.wikidata.org/entity/P177,Querung,Das X überquert das Y.,"Ich weiß nicht, was X überquert.",Das X überquert die Y.,TRUE,
http://www.wikidata.org/entity/P178,Entwickler,X wurde von Y entwickelt.,"Ich weiß nicht, wer X entwickelt hat.",X wurde von Y entwickelt.,TRUE,
http://www.wikidata.org/entity/P180,Motiv,X stellt Y dar.,"Ich bin mir nicht sicher, was X darstellt.",X stellt Y dar.,TRUE,
http://www.wikidata.org/entity/P183,endemisch in,X ist endemisch in Y.,"Ich weiß nicht, ob X endemisch ist.",X ist endemisch in Y.,TRUE,
http://www.wikidata.org/entity/P184,Promotionsbetreuer,Der Doktorvater von X war Y.,"Ich kann mich nicht erinnern, wer der Doktorvater von X war.",Die Doktorväter von X waren Y.,TRUE,
http://www.wikidata.org/entity/P186,Material,Das X ist aus Y gefertigt.,"Ich bin mir nicht sicher, woraus X gemacht ist.",Das X ist aus Y gefertigt.,TRUE,
http://www.wikidata.org/entity/P1884,Haarfarbe,Die Haarfarbe von X ist Y.,Ich habe keine Daten über die Haarfarbe X.,Die Haarfarben von X sind Y.,TRUE,
http://www.wikidata.org/entity/P1885,Kathedrale,X ist die Kathedrale von Y.,"Ich weiß nicht, welche Kathedrale X hat.",X ist die Kathedrale von Y.,TRUE,
http://www.wikidata.org/entity/P189,Fundort,X wurde in Y entdeckt.,"Ich bin mir nicht sicher, wo X entdeckt wurde.",X wurde in Y entdeckt.,TRUE,
http://www.wikidata.org/entity/P19,Geburtsort,X wurde in Y geboren.,"Ich weiß nicht, wo X geboren wurde.",X wurde in Y geboren.,TRUE,
http://www.wikidata.org/entity/P190,Partnerkommune,X ist eine Partnerkommune von Y.,"Ich weiß nicht, womit X gepaart ist.",X ist eine Partnerkommune von Y.,TRUE,
http://www.wikidata.org/entity/P1923,teilnehmendes Team,Y hat an X teilgenommen,"Ich weiß nicht, wer an X teilgenommen hat.",Y haben an X teilgenommen,TRUE,
http://www.wikidata.org/entity/P193,Generalbauunternehmer,X wurde von Y erbaut.,"Ich bin mir nicht sicher, wer X gebaut hat.",X wurde von Y erbaut.,TRUE,
http://www.wikidata.org/entity/P194,gesetzgebende Körperschaft,Die Legislative von X wird durch Y vertreten.,Ich kenne das Gesetzgebungsorgan von X nicht.,Die Legislative von X wird durch Y vertreten.,TRUE,
http://www.wikidata.org/entity/P195,Sammlung,X ist Teil einer Sammlung in Y.,"Ich bin mir nicht sicher, in welcher Kollektion X ist.",X ist Teil einer Sammlung in Y.,TRUE,
http://www.wikidata.org/entity/P196,Asteroidengruppe,X ist Teil der Asteroidengruppe Y.,"Ich bin mir nicht sicher, zu welcher Asteroidengruppe X gehört.",X ist Teil der Asteroidengruppen Y.,TRUE,
http://www.wikidata.org/entity/P197,nächster Haltepunkt,Y ist der nächste Haltepunkt von X.,Ich kann den nächsten Haltepunkt von  X nicht finden.,Y sind die nächsten Haltepunkte von X.,TRUE,
http://www.wikidata.org/entity/P1990,gehaltene Arten,X wird in Y gehalten.,"Ich bin mir nicht sicher, wo X gehalten wird.",X wird in Y gehalten.,TRUE,
http://www.wikidata.org/entity/P1995,medizinisches Fachgebiet,Das medizinische Fachgebiet von X ist Y.,Ich habe keine Daten über das medizinische Fachgebiet von X.,Die medizinischen Fachgebiete  von X sind Y.,TRUE,
http://www.wikidata.org/entity/P20,Sterbeort,Der Sterbeort von X war Y.,Ich kenne den Sterbeort von X nicht.,Die Sterbeorte von X waren Y.,TRUE,
http://www.wikidata.org/entity/P200,Zufluss,Y fließt in das X.,"Ich weiß nicht, was in das X fließt.",Y fließen in das X.,TRUE,
http://www.wikidata.org/entity/P201,Abfluss,X fließt in Y ab.,"Ich weiß nicht, in was X abfließt.",X fließt in Y ab.,TRUE,
http://www.wikidata.org/entity/P206,liegt am oder im Gewässer,X liegt am oder im Y.,"Ich bin mir nicht sicher, wo sich X befindet.",X liegt an oder in Y.,TRUE,
http://www.wikidata.org/entity/P2079,Herstellungsmethode,Y wird bei X verwendet.,"Ich weiß nicht, welche Herstellungsmethode bei X verwendet wird.",Y werden bei X verwendet.,TRUE,
http://www.wikidata.org/entity/P21,Geschlecht,Das Geschlecht von X ist Y.,Ich habe keine Daten über das Geschlecht von X.,Die Geschlechter von X sind Y.,TRUE,
http://www.wikidata.org/entity/P2175,zur Behandlung von benutzt,Y wird zur Behandlung von X genutzt.,"Ich weiß nicht, womit X behandelt werden kann.",Y werden zur Behandlung von X genutzt.,TRUE,
http://www.wikidata.org/entity/P2176,behandelt mit,X wird mit Y behandelt.,"Ich bin mir nicht sicher, welche Medikamente zur Behandlung von X verwendet werden.",X wird mit Y behandelt.,TRUE,
http://www.wikidata.org/entity/P22,Vater,X ist das Kind von Y.,Ich kenne den Vater von X nicht.,X ist das Kind von Y.,TRUE,
http://www.wikidata.org/entity/P2239,Erste-Hilfe-Maßnahmen,Erste-Hilfe-Maßnahme für X ist Y.,"Ich kann nicht wirklich sagen, was die Erste-Hilfe-Maßnahmen für X sind.",Erste-Hilfe-Maßnahmen für X sind Y.,TRUE,
http://www.wikidata.org/entity/P2293,genetische Assoziation mit,Das Gen X ist mit Y assoziiert.,Ich habe keine Daten über die Assoziationen zum Gen X.,Das Gen X ist mit Y assoziiert.,FALSE,
http://www.wikidata.org/entity/P2348,Zeitraum,X trat in der Ära Y auf.,"Ich weiß nicht, in welcher Zeit X aufgetreten ist.",X trat in den Ären Y auf.,FALSE,
http://www.wikidata.org/entity/P237,Wappen (Beschreibung),Y ist das Wappen von X.,Ich bin nicht mit dem Wappen von X vertraut.,Y sind die Wappen von X.,FALSE,
http://www.wikidata.org/entity/P241,Teilstreitkraft,X hat den militärischen Zweig Y,Ich kenne die Militärzweige von X nicht.,X hat die militärischen Zweige Y.,FALSE,
http://www.wikidata.org/entity/P2416,Sportdisziplin,X übt die Sportart Y aus.,"Mir fehlen Daten über die Sportarten, in denen X antritt.",X übt die Sportarten Y aus.,FALSE,
http://www.wikidata.org/entity/P2453,Nominierter,Y wurde für X nominiert.,"Ich bin mir nicht sicher, wer für X nominiert war.",Y wurden für X nominiert.,FALSE,
http://www.wikidata.org/entity/P248,belegt durch,X wurde belegt durch Y.,"Ich weiß nicht, wodurch X belegt wurde.",X wurde belegt durch Y.,FALSE,
http://www.wikidata.org/entity/P25,Mutter,X ist die Mutter von Y.,Ich weiß nicht wirklich von den Kindern von X.,X ist die Mutter von Y.,FALSE,
http://www.wikidata.org/entity/P2515,Kostümdesigner,X entwarf das Kostüm Y,"Ich kann nicht sagen, was X entworfen hat.",X entwarf die Kostüme Y,FALSE,
http://www.wikidata.org/entity/P2522,Sieg,X gewann Y.,"Ich weiß noch nicht, was X gewonnen hat.",X gewann Y.,FALSE,
http://www.wikidata.org/entity/P2554,Szenenbildner,X ist der Szenenbildner von Y,"Ich weiß nicht wirklich, was X entworfen hat.",X ist der Szenenbildner von Y,FALSE,
http://www.wikidata.org/entity/P26,Ehepartner,X ist der Ehepartner von Y.,Ich wurde nicht über den Ehepartner von X informiert.,X ist der Ehepartner von Y.,FALSE,
http://www.wikidata.org/entity/P2632,Haftort,X wird bei Y festgehalten.,Ich vermisse Daten über den Ort der Inhaftierung von X.,X wird bei Y festgehalten.,FALSE,
http://www.wikidata.org/entity/P264,Plattenlabel,Das Plattenlabel von X ist Y.,Ich kenne das Plattenlabel von X nicht.,Die Plattenlabel von X sind Y.,FALSE,
http://www.wikidata.org/entity/P2695,geologische Typlokalität,Die geologische Typlokalität von X ist Y.,Ich weiß nichts über die geologische Typlokalität von X.,Die geologischen Typlokalitäten von X sind Y.,FALSE,
http://www.wikidata.org/entity/P27,Land der Staatsangehörigkeit,X hat die Staatsbürgerschaft von Y.,Ich habe keine Informationen über die Staatsbürgerschaft von X.,X hat die Staatsbürgerschaften von Y.,FALSE,
http://www.wikidata.org/entity/P272,Produktionsgesellschaft,X ist die Produktionsfirma von Y,"Ich weiß nicht, was X produziert.",X ist die Produktionsfirma von Y,FALSE,
http://www.wikidata.org/entity/P275,Lizenz,Die Lizenz für X ist Y.,"Ich kenne die Lizenz, unter der X veröffentlicht wurde, nicht.",Die Lizenzen für X sind Y.,FALSE,
http://www.wikidata.org/entity/P276,Ort,X befindet sich in Y.,Ich habe keine Daten über den Standort von X.,X befindet sich in Y.,FALSE,
http://www.wikidata.org/entity/P277,Programmiersprache,X wird in der Programmiersprache Y entwickelt.,"Mir fehlen Informationen über die Programmiersprache, die für die Entwicklung von X verwendet wird.",X wird in den Programmiersprachen Y entwickelt.,FALSE,
http://www.wikidata.org/entity/P282,Schrift,X verwendet Y.,Ich habe keine Kenntnisse über das von X verwendete Schriftsystem.,X verwendet Y.,FALSE,
http://www.wikidata.org/entity/P2860,zitiert,X zitiert Y.,Mir fehlen Daten über die von X zitierten Werke.,X zitiert Y.,FALSE,
http://www.wikidata.org/entity/P287,Designer,X wurde von Y entworfen.,Ich kenne den Designer von X nicht.,X wurde von Y entworfen.,FALSE,
http://www.wikidata.org/entity/P289,Schiffsklasse,X ist ein Y.,Ich besitze keine Informationen über die Schiffsklasse von X.,X ist ein Y.,FALSE,
http://www.wikidata.org/entity/P291,Veröffentlichungsort,X wird in Y veröffentlicht.,"Ich weiß nicht, wo X veröffentlicht wurde.",X wird in Y veröffentlicht.,FALSE,
http://www.wikidata.org/entity/P2978,Achsformel,X hat eine Radanordnung Y.,Ich habe keine Informationen über die Achsanordnung von X.,X hat Radanordnungen Y.,FALSE,
http://www.wikidata.org/entity/P30,Kontinent,X ist auf dem Kontinent Y.,"Ich weiß nicht, auf welchem Kontinent X sich befindet.",X ist auf dem Kontinenten Y.,FALSE,
http://www.wikidata.org/entity/P306,Betriebssystem,X hat das Betriebssystem Y.,"Ich weiß nicht, in welchem Betriebssystem X funktioniert.",X hat die Betriebssysteme Y.,FALSE,
http://www.wikidata.org/entity/P3085,qualifiziert für Turnier,X hat sich für Y qualifiziert.,"Ich weiß nicht, wofür sich X qualifiziert hat.",X hat sich für Y qualifiziert.,FALSE,
http://www.wikidata.org/entity/P3091,Reittier,X ist ein Reittier von Y.,"Ich weiß nicht, wessen Reittier X ist.",X ist ein Reittier von Y.,FALSE,
http://www.wikidata.org/entity/P3093,zurückerlangt von,X wird von Y wiedererlangt.,Ich habe keine Informationen über die Wiedererlangung von X.,X wird von Y wiedererlangt.,FALSE,
http://www.wikidata.org/entity/P3113,enthält nicht,X fehlt Y.,"Ich habe keine Informationen über die Teile, die X fehlt.",X fehlt Y.,FALSE,
http://www.wikidata.org/entity/P3137,Bezugsberg,X ist der Bezugsberg von Y.,Ich kenne den Bezugsberg X nicht.,X ist der Bezugsberg von Y.,FALSE,
http://www.wikidata.org/entity/P3150,Geburtstag,Der Geburtstag von X ist am Y.,Ich habe keine Informationen über den Geburtstag von X.,Die Geburtstage von X sind am Y.,FALSE,
http://www.wikidata.org/entity/P3173,bietet Sicht auf,Y ist von X aus zu sehen.,"Ich weiß nicht, was du von X aus sehen kannst.",Y sind von X aus zu sehen.,FALSE,
http://www.wikidata.org/entity/P3179,Territorium überschneidet sich mit,X hat eine Gebietsüberschneidung mit Y.,"Ich weiß nicht, ob sich das Gebiet von X überschneidet.",X hat eine Gebietsüberschneidung mit Y.,FALSE,
http://www.wikidata.org/entity/P3195,Punktesystem der Liga,Das Punktesystem von X ist Y.,Ich kenne das Punktesystem von X nicht.,Die Punktesysteme von X sind Y.,FALSE,
http://www.wikidata.org/entity/P3279,Erster in einer Statistik,Y führt die Statistik in der Variable X an.,"Ich kann keine Variable X finden, die in der Statistik führend ist.",Y führen die Statistik in der Variable X an.,FALSE,
http://www.wikidata.org/entity/P3301,ausgestrahlt von,X wird von Y ausgestrahlt.,"Ich weiß nicht, wer der Sender von X ist.",X wird von Y ausgestrahlt.,FALSE,
http://www.wikidata.org/entity/P3320,Vorstandsmitglied,X ist das Vorstandsmitglied von Y,"Ich weiß nicht, in welchen Organisationen X Vorstandsmitglied ist.",X ist das Vorstandsmitglied von Y,FALSE,
http://www.wikidata.org/entity/P344,Kameramann,X ist der Kameramann von Y.,"Ich weißt nicht, von wem X der Kameramann ist.",X ist der Kameramann von Y.,FALSE,
http://www.wikidata.org/entity/P35,Staatsoberhaupt,X ist das Staatsoberhaupt in Y.,"Ich weiß nicht, von welchem Land X das Staatsoberhaupt ist.",X ist das Staatsoberhaupt in Y.,FALSE,
http://www.wikidata.org/entity/P355,Tochtergesellschaft,X ist die Tochtergesellschaft von Y.,"Ich weiß nicht, ob X eine Tochtergesellschaft ist.",X ist die Tochtergesellschaft von Y.,FALSE,
http://www.wikidata.org/entity/P36,Hauptstadt,X ist die Hauptstadt von Y.,"Ich weiß nicht, von welchem Land X die Hauptstadt ist.",X ist die Hauptstadt von Y.,FALSE,
http://www.wikidata.org/entity/P361,ist Teil von,X ist Teil von Y.,"Ich weiß nichts über Dinge, von denen X ein Teil ist.",X ist Teil von Y.,FALSE,
http://www.wikidata.org/entity/P364,Originalsprache,Die Originalsprache von X ist Y.,Ich habe keine Informationen über die Originalsprache von X.,Die Originalsprachen von X sind Y.,FALSE,
http://www.wikidata.org/entity/P366,Benutzung,Die Hauptanwendung von X ist Y.,"Ich weiß nicht, was die Hauptanwendungen von X sind.",Die Hauptanwendungen von X sind Y.,FALSE,
http://www.wikidata.org/entity/P37,Amtssprache,Die offizielle Sprache von X ist Y.,Ich kenne die offizielle Sprache von X nicht.,Die offiziellen Sprachen von X sind Y.,FALSE,
http://www.wikidata.org/entity/P371,Moderator,X ist der Moderator von Y.,"Ich weiß nicht, wen X präsentiert.",X ist der Moderator von Y.,FALSE,
http://www.wikidata.org/entity/P375,Trägerrakete,X ist die Trägerrakete von Y,"Ich weiß nichts über Dinge, von denen X die Trägerrakete ist.",X ist die Trägerrakete von Y,FALSE,
http://www.wikidata.org/entity/P376,auf astronomischem Körper,X ist auf Y.,"Ich kann nicht entscheiden, auf welchem astronomischen Körper sich X befindet.",X ist auf Y.,FALSE,
http://www.wikidata.org/entity/P38,Währung,Die Währung von X ist Y.,Ich kann die aktuelle währung von X nicht finden.,Die Währungen von X sind Y.,FALSE,
http://www.wikidata.org/entity/P39,öffentliches Amt oder Stellung,X besetzt die Position Y.,Ich kann die von X besetzte Positionen nicht finden.,X besetzt die Positionen Y.,FALSE,
http://www.wikidata.org/entity/P397,übergeordneter astronomischer Körper,X gehört zu Y.,"Ich kann den astronomischen Körper, zu dem X gehört, nicht finden.",X gehört zu Y.,FALSE,
http://www.wikidata.org/entity/P398,untergeordnete astronomischer Körper,Y gehört zu X.,"Ich kann die astronomischen Körper, die zu X gehören, nicht finden.",Y gehören zu X.,FALSE,
http://www.wikidata.org/entity/P40,Kinder,Y ist das Kind von X.,Ich kann die Kinder von X nicht finden.,Y sind die Kinder von X.,FALSE,
http://www.wikidata.org/entity/P400,Plattform,Die Plattform von X ist Y.,Ich kann die Plattformen von X nicht finden.,Die Plattformen von X sind Y.,FALSE,
http://www.wikidata.org/entity/P403,mündet in,X fließt in Y.,"Ich kann nicht entscheiden, in welches X fließt.",X fließt in Y.,FALSE,
http://www.wikidata.org/entity/P404,Spielmodus,Der Spielmodus von X ist Y.,Ich kann die Spielmodi von X nicht finden.,Die Spielmodi von X sind Y.,FALSE,
http://www.wikidata.org/entity/P407,"Sprache des Werks, des Namens oder des Begriffes",X wurde in Y erstellt.,"Ich kenne die Sprache nicht, in der X erstellt wurde.",X wurde in Y erstellt.,FALSE,
http://www.wikidata.org/entity/P408,Engine,X wird von Y angetrieben.,"Ich kann die Software, die X mit Strom versorgt, nicht finden.",X wird von Y angetrieben.,FALSE,
http://www.wikidata.org/entity/P410,militärischer Dienstgrad,X hat den militärischen Rang Y.,Ich kenne den militärischen Rang von X nicht.,X hat die militärischen Ränge Y.,FALSE,
http://www.wikidata.org/entity/P411,Status der Selig- oder Heiligsprechung,X ist ein Y.,Ich kenne den Kanonisierungsstatus von X nicht.,X ist Y.,FALSE,
http://www.wikidata.org/entity/P412,Stimmlage,Die Stimmlage von X ist Y.,Ich kenne die Stimmlage von X nicht.,Die Stimmlagen von X sind Y.,FALSE,
http://www.wikidata.org/entity/P413,Spielerposition/Spezialität,X hat die Rolle von Y.,Ich kenne die Rolle von X nicht.,X hat die Rollen von Y.,FALSE,
http://www.wikidata.org/entity/P414,Börse,X wird an der Y. öffentlich gehandelt.,"Ich weiß nicht, wo X gehandelt wird.",X wird an den Y öffentlich gehandelt.,FALSE,
http://www.wikidata.org/entity/P417,Patron,Der Gönner von X ist Y.,Ich kenne den Schutzpatron von X nicht.,Die Gönner von X sind Y.,FALSE,
http://www.wikidata.org/entity/P421,Zeitzone,Die Zeitzone von X ist Y.,Ich kenne die Zeitzone von X nicht.,Die Zeitzonen von X sind Y.,FALSE,
http://www.wikidata.org/entity/P425,Betätigungsfeld des Berufes,Der Beruf von X ist Y.,Ich kenne den Beruf von X nicht.,Die Berufe von X sind Y.,FALSE,
http://www.wikidata.org/entity/P427,nomenklatorischer Typ,Der taxonomische Typ von Y ist X.,Ich kenne den taxonomischen Typ von X nicht.,Der taxonomische Typ von Y ist X.,FALSE,
http://www.wikidata.org/entity/P437,Materialart/Vertriebsweg,X ist auf Y verfügbar.,"Ich weiß nicht, wo X verfügbar ist.",X ist auf Y verfügbar.,FALSE,
http://www.wikidata.org/entity/P449,Sender der Erstausstrahlung,Das Netzwerk von X ist Y.,Ich kenne das Netzwerk von X nicht.,Die Netzwerke von X sind Y.,FALSE,
http://www.wikidata.org/entity/P451,Lebenspartner,X ist der Lebenspartner von Y.,Ich kenne den Lebenspartner von X nicht.,X ist der Lebenspartner von Y.,FALSE,
http://www.wikidata.org/entity/P452,Branche,X ist in der Y-Branche.,"Ich weiß nicht, in welcher Branche X sich befindet.",X ist in den Y-Branchen.,FALSE,
http://www.wikidata.org/entity/P462,Farbe,X hat die Farbe Y.,Ich kenne die Farbe von X nicht.,X hat die Farben Y.,FALSE,
http://www.wikidata.org/entity/P463,Mitglied von,X ist das Mitglied von Y.,"Ich weiß nicht, bei was X ein Mitglied ist.",X ist das Mitglied von Y.,FALSE,
http://www.wikidata.org/entity/P466,Bewohner/Nutzer,X ist der Insasse von Y.,Ich kenne den Insassen von X nicht.,X ist der Insasse von Y.,FALSE,
http://www.wikidata.org/entity/P467,verabschiedet durch,X wird von Y gesetzlich verabschiedet.,"Ich weiß nicht, von wem X gesetzlich verabschiedet wird.",X wird von Y gesetzlich verabschiedet.,FALSE,
http://www.wikidata.org/entity/P469,See im Verlauf,X fließt durch Y.,"Ich weiß nicht, wodurch X fließt.",X fließt durch Y.,FALSE,
http://www.wikidata.org/entity/P47,gemeinsame Grenze mit,X grenzt an Y.,"Ich weiß nicht, an was X grenzt.",X grenzt an Y.,FALSE,
http://www.wikidata.org/entity/P479,Eingabegerät,X hat das Eingabegerät Y.,Ich kenne das Eingabegerät von X nicht.,X hat die Eingabegeräte Y.,FALSE,
http://www.wikidata.org/entity/P485,archiviert in,Die Werke von X werden bei Y archiviert.,"Ich kann nicht finden, wo die Werke von X archiviert sind.",Die Werke von X werden bei Y archiviert.,FALSE,
http://www.wikidata.org/entity/P488,Vorsitzender,X ist der Vorsitzende von Y,Ich kenne den Vorsitzenden von X nicht.,X ist der Vorsitzende von Y,FALSE,
http://www.wikidata.org/entity/P495,Ursprungsland,X ist das Ursprungsland von Y,Ich kenne das Ursprungsland von X nicht.,X ist das Ursprungsland von Y,FALSE,
http://www.wikidata.org/entity/P50,Autor,X wurde von Y geschrieben.,Ich kenne den Autor von X nicht.,X wurde von Y geschrieben.,FALSE,
http://www.wikidata.org/entity/P504,Heimathafen,Der Heimathafen von X ist Y.,Ich kenne den Heimathafen von X nicht.,Die Heimathäfen von X sind Y.,FALSE,
http://www.wikidata.org/entity/P509,Todesursache,Die Todesursache von X war Y.,Ich kenne den Todesfall von X nicht.,Die Todesursachen von X waren Y.,FALSE,
http://www.wikidata.org/entity/P512,akademischer Grad,X hat den akademischen Grad Y.,"Ich weiß nicht, was für einen akademischen Grad X hat.",X hat die akademischen Grade Y.,FALSE,
http://www.wikidata.org/entity/P516,Antrieb,Das Triebwerk von X ist Y.,Ich kann das Triebwerk von X nicht finden.,DieTriebwerke von X sind Y.,FALSE,
http://www.wikidata.org/entity/P520,Bewaffnung,X ist mit Y scharf geschaltet.,Ich habe keine Daten über die Waffen von X.,X ist mit Y scharf geschaltet.,FALSE,
http://www.wikidata.org/entity/P53,Familie,X gehört zur Familie Y.,Ich kann keine Informationen über die Familie von X finden.,X gehört zu den Familien Y.,FALSE,
http://www.wikidata.org/entity/P530,diplomatische Beziehung,X hat diplomatische Beziehungen zu Y.,Ich kenne die diplomatischen Beziehungen von X nicht.,X hat diplomatische Beziehungen zu Y.,FALSE,
http://www.wikidata.org/entity/P532,Registerhafen,Der Registerhafen von X ist Y.,"Ich kann den Registerhafen, an dem X registriert ist, nicht finden.",Die Registerhäfen von X sind Y.,FALSE,
http://www.wikidata.org/entity/P54,Mitglied von Sportteam oder -verein,X spielt im Team Y.,"Ich weiß nicht, wo X spielt.",X spielt in den Teams Y.,FALSE,
http://www.wikidata.org/entity/P551,Wohnsitz,X ist der Wohnsitz von Y.,"Ich weiß nicht, was der Wohnsitz von X ist.",X ist der Wohnsitz von Y.,FALSE,
http://www.wikidata.org/entity/P559,Endpunkt (Objekt),X endet bei Y.,Der Endpunkt von X ist mir unbekannt.,X endet bei Y.,FALSE,
http://www.wikidata.org/entity/P560,Richtung,X ist auf Y gerichtet.,"Ich weiß nicht, was X nach zwei Seiten richtet.",X ist auf Y gerichtet.,FALSE,
http://www.wikidata.org/entity/P566,Basionym,X hat als Basionym Y.,Ich bin mir der Basionyme von X nicht bewusst.,X hat als Basionyme Y.,FALSE,
http://www.wikidata.org/entity/P57,Regisseur,X ist der Direktor von Y.,"Ich weiß nicht, wer der Direktor von X ist.",X ist der Direktor von Y.,FALSE,
http://www.wikidata.org/entity/P58,Drehbuchautor,X ist der Drehbuchautor von Y.,"Ich weiß nicht, wer der Drehbuchautor von X ist.",X ist der Drehbuchautor von Y.,FALSE,
http://www.wikidata.org/entity/P6,Leiter der Regierung oder Verwaltung,Y war der Premierminister von X.,"Ich weiß nicht, wer der Premierminister von X ist.",Y war der Premierminister von X.,FALSE,
http://www.wikidata.org/entity/P607,Kriegseinsatz,X war am Y beteiligt.,"Ich weiß nicht, zu welchen Konflikten X gehört.",X war an den Y beteiligt.,FALSE,
http://www.wikidata.org/entity/P608,Ausstellungen,X wurde auf der Y ausgestellt.,"Ich kann keine Ausstellungen finden, bei denen X anwesend war.",X wurde auf den Y ausgestellt.,FALSE,
http://www.wikidata.org/entity/P609,Endstelle (Standort),X hat den Terminusstandort Y.,"Ich weiß nicht, wo der Endpunkt von X ist.",X hat die Terminusstandorte Y.,FALSE,
http://www.wikidata.org/entity/P61,Entdecker oder Erfinder,Y ist der Erfinder von X.,"Ich weiß nicht, wer X erfunden hat.",Y ist der Erfinder von X.,FALSE,
http://www.wikidata.org/entity/P610,höchster Punkt,X hat die höchste Höhe in Y.,"Ich weiß nicht, was der höchste Punkt in X ist.",X hat die höchste Höhe in Y.,FALSE,
http://www.wikidata.org/entity/P611,Ordensgemeinschaft,X gehört zum religiösen Orden der Y.,"Ich weiß nicht, zu welchem Orden X gehört.",X gehört zu den religiösen Orden der Y.,FALSE,
http://www.wikidata.org/entity/P629,Ausgabe oder Übersetzung von,X ist die Ausgabe oder Übersetzung von Y.,Ich kann die Ausgabe oder Übersetzung von X nicht finden.,X ist die Ausgabe oder Übersetzung von Y.,FALSE,
http://www.wikidata.org/entity/P636,Applikationsform,Der Verabreichungsweg von X ist Y.,Ich kann den Weg der Verwaltung von X nicht finden.,Die Verabreichungswege von X sind Y.,FALSE,
http://www.wikidata.org/entity/P641,Sportart,X spielt den Sport Y.,"Ich kenne nicht die Sportarten, die von X gespielt werden.",X spielt die Sportarten Y.,FALSE,
http://www.wikidata.org/entity/P647,gedraftet durch,X wird von Y entworfen.,Ich kann den Verfasser von X nicht finden.,X wird von Y entworfen.,FALSE,
http://www.wikidata.org/entity/P655,Übersetzer,X wird übersetzt durch Y.,Ich kann die Übersetzer von X nicht finden.,X wird übersetzt durch Y.,FALSE,
http://www.wikidata.org/entity/P658,Titelliste,Eine der Spuren in der Trackliste von X ist Y.,Ich kenne die Spuren in X nicht.,,FALSE,
http://www.wikidata.org/entity/P664,Veranstalter,X ist der Organisator von Y,"Ich kann die Dinge nicht finden, die X organisiert hat.",,FALSE,
http://www.wikidata.org/entity/P669,Straße,X befindet sich auf der Straße Y,"Ich kann die Straße, auf der X steht, nicht finden.",,FALSE,
http://www.wikidata.org/entity/P674,Figuren,X erscheint in Y,"Ich weiß nichts über Dinge, in denen X erscheint.",,FALSE,
http://www.wikidata.org/entity/P676,Text von,X hat Texte von Y geschrieben.,Ich kenne den Texter von X nicht.,,FALSE,
http://www.wikidata.org/entity/P680,Molekularfunktion,Molekulare Funktion von X ist Y,Ich habe nicht die Informationen über die molekulare Funktion von X.,,FALSE,
http://www.wikidata.org/entity/P681,Zellkomponente,X ist die Zellkomponente für Y,"Ich kann die Zellen, von denen X eine Komponente ist, nicht finden.",,FALSE,
http://www.wikidata.org/entity/P682,biologischer Prozess,X ist am biologischen Prozess Y beteiligt.,"Ich weiß nicht, an welchen Prozessen X beteiligt ist.",,FALSE,
http://www.wikidata.org/entity/P684,Ortholog,Die Orthologie von X ist Y.,Ich kann die Orthologie von X nicht finden.,,FALSE,
http://www.wikidata.org/entity/P688,codiert,X ist das Produkt eines Gens Y.,"Ich kann das Gen nicht finden, das zu X führt.",,FALSE,
http://www.wikidata.org/entity/P689,befällt,X befällt Y,"Ich weiß nicht, welche Dinge von X betroffen waren.",,FALSE,
http://www.wikidata.org/entity/P69,besuchte Bildungseinrichtung,X hatte ihre Studien in Y.,"Ich weiß nicht, wo X gebildet wurde.",,FALSE,
http://www.wikidata.org/entity/P702,codiert von,X wird durch Y kodiert.,Ich kann den Geber nicht von X unterscheiden.,,FALSE,
http://www.wikidata.org/entity/P703,auffindbar in Taxon,X ist im Taxon von Y enthalten.,"Ich bin mir nicht bewusst, in welchen Taxonen X gefunden wird.",,FALSE,
http://www.wikidata.org/entity/P706,liegt geografisch im Gebiet oder Gewässer,X befindet sich auf Y,"Ich bin mir nicht sicher, welche Geländeeigenschaften sich auf welchem X befindet.",,FALSE,
http://www.wikidata.org/entity/P708,Diözese,Die Diözese X ist Y.,Ich kenne die Diözese X nicht.,,FALSE,
http://www.wikidata.org/entity/P710,Teilnehmer,X hat an Y teilgenommen.,"Ich kann keine Dinge finden, an denen X teilgenommen hat.",,FALSE,
http://www.wikidata.org/entity/P725,Sprecher,X ist der Synchronsprecher von Y.,Ich kann die von X gesprochenen Charaktere nicht finden.,,FALSE,
http://www.wikidata.org/entity/P734,Familienname,X hat den Familiennamen von Y,Ich kenne den Familiennamen von X nicht.,,FALSE,
http://www.wikidata.org/entity/P735,Vorname,X hat den Namen Y gegeben.,Ich kenne den Vornamen von X nicht.,,FALSE,
http://www.wikidata.org/entity/P737,beeinflusst von,X wird beeinflusst durch Y,Ich kann den Einflussnehmer von X nicht finden.,,FALSE,
http://www.wikidata.org/entity/P739,Patrone,X wird als Munition in Y verwendet.,"Ich kann nicht finden, was X als Munition verwendet.",,FALSE,
http://www.wikidata.org/entity/P740,Gründungsort,X wurde in Y gebildet.,"Ich weiß nicht, wo X gebildet wurde.",,FALSE,
http://www.wikidata.org/entity/P748,ernannt durch,X wird von Y ernannt.,"Ich kann nicht sagen, wer X ernannt hat.",,FALSE,
http://www.wikidata.org/entity/P749,übergeordnete Organisation,X ist die Mutterorganisation von Y,"Ich bin nicht in der Lage, die Organisationen unter X zu entscheiden.",,FALSE,
http://www.wikidata.org/entity/P750,Distributor,X ist der Verteiler von Y,"Ich kann die Dinge nicht finden, von denen X ein Verteiler ist.",,FALSE,
http://www.wikidata.org/entity/P765,Belag,X wird auf Y gespielt.,"Ich kann die Oberfläche, auf der X gespielt wird, nicht erkennen.",,FALSE,
http://www.wikidata.org/entity/P767,Mitarbeiter des Werks,Y ist ein Mitwirkender an X,Ich kann die Mitwirkenden von X nicht finden.,,FALSE,
http://www.wikidata.org/entity/P768,Wahlbezirk,Der Wahlkreis von X ist Y.,"Ich bin mir nicht sicher, was den ungewissen Bezirk X betrifft.",,FALSE,
http://www.wikidata.org/entity/P769,signifikante Arzneimittelwechselwirkung,X reagiert signifikant mit Y,Ich habe nicht die Informationen über die Wechselwirkungen von X mit Medikamenten.,,FALSE,
http://www.wikidata.org/entity/P780,Symptome,Y ist ein Symptom ist ein Symptom ist X,Ich bin mir nicht sicher über die Symptome von X.,,FALSE,
http://www.wikidata.org/entity/P790,anerkannt von,X wird von Y genehmigt.,"Ich weiß nicht, wer X genehmigt hat.",,FALSE,
http://www.wikidata.org/entity/P793,Schlüsselereignis,"Y ist ein signifikantes Ereignis, an dem X beteiligt ist.","Ich bin nicht in der Lage, die wichtigen Ereignisse mit X zu finden.",,FALSE,
http://www.wikidata.org/entity/P800,Werke,Eines der bemerkenswertesten Werke von X ist Y.,Ich kann die bemerkenswerten Werke von X nicht finden.,,FALSE,
http://www.wikidata.org/entity/P802,Schüler,X ist ein Schüler von Y,"Ich kann nicht sagen, wessen Schüler X ist.",,FALSE,
http://www.wikidata.org/entity/P805,beschreibendes Datenobjekt,Bei X handelt es sich wahrscheinlich um Y,"Ich weiß nicht, worum es bei X geht.",,FALSE,
http://www.wikidata.org/entity/P81,Strecke,X ist die Verbindungsleitung für Y,"Ich bin mir sehr unsicher über die Leitung, in die X verbindet.",,FALSE,
http://www.wikidata.org/entity/P812,Hauptfach im Studium,X hat einen akadmischen Major in Y.,Ich bin mir nicht bewusst über den akademischen Schwerpunkt von X.,,FALSE,
http://www.wikidata.org/entity/P825,Widmung an,X ist Y gewidmet.,"Ich weiß nicht, wem X gewidmet war.",,FALSE,
http://www.wikidata.org/entity/P826,Tonart,X ist in einer Tonart von Y,Ich bin nicht über die Tonalitäten von X informiert.,,FALSE,
http://www.wikidata.org/entity/P828,Ursache,Y verursacht X,"Ich kann nicht sagen, was X verursacht.",,FALSE,
http://www.wikidata.org/entity/P837,Jahrestag,X tritt jedes Jahr auf Y auf.,"Ich bin mir nicht sicher, an welchem Tag X jedes Jahr auftritt.",,FALSE,
http://www.wikidata.org/entity/P84,Architekt,Y war der Architekt von X.,"Ich weiß nicht, wer der Architekt von X war",,FALSE,
http://www.wikidata.org/entity/P840,Handlungsort,Der narrative Ort für X ist Y.,Wir wissen nichts über den narrativen Ort von X.,,FALSE,
http://www.wikidata.org/entity/P841,Gedenktag,Der Festtag für X ist Y.,"Ich kann nicht sagen, was der Feiertag von X ist.",,FALSE,
http://www.wikidata.org/entity/P85,Hymne,Y ist die Hymne für X.,Ich weiß nichts über die Hymne von X.,,FALSE,
http://www.wikidata.org/entity/P859,Sponsor,Der Sponsor von X ist Y.,Ich weiß nichts von den Sponsoren von X.,,FALSE,
http://www.wikidata.org/entity/P86,Komponist,Der Komponist von X ist Y.,"Sorry, ich habe keine Informationen über den Komponisten von X.",,FALSE,
http://www.wikidata.org/entity/P870,Instrumentation,X wird mit Y orchestriert.,"Ich weiß nicht, wie X orchestriert wird.",,FALSE,
http://www.wikidata.org/entity/P88,Auftraggeber,X wird von Y in Auftrag gegeben.,"Ich weiß nicht, wer X beauftragt hat.",,FALSE,
http://www.wikidata.org/entity/P880,CPU,"Y ist die CPU, die in X verwendet wird.","Ich weiß nicht, welche CPU in X verwendet wurde.",,FALSE,
http://www.wikidata.org/entity/P915,Drehort,Y ist der Drehort von X.,"Sorry, ich bin mir des Drehortes von X nicht bewusst.",,FALSE,
http://www.wikidata.org/entity/P921,Schlagwort,Das Hauptthema von X ist Y.,"Sorry, ich kenne das Hauptthema von X nicht.",,FALSE,
http://www.wikidata.org/entity/P931,"Ort, der vom Verkehrsknotenpunkt bedient wird","Y, das von X als Verkehrsknotenpunkt genutzt wird.",Ich kenne den Verkehrsknotenpunkt von X nicht.,,FALSE,
http://www.wikidata.org/entity/P937,Wirkungsort,Y ist der Arbeitsort von X,"Sorry, ich kenne den Arbeitsort von X nicht.",,FALSE,
http://www.wikidata.org/entity/P941,inspiriert von,X ist inspiriert von Y,"Sorry, ich habe keine Ahnung, wer X inspiriert hat.",,FALSE,
http://www.wikidata.org/entity/P97,Adelstitel,X ist ein edler Titel von Y.,Ich kenne den edlen Titel von X nicht.,,FALSE,
http://www.wikidata.org/entity/P974,Nebenfluss,X ist der Nebenfluss von Y,Ich kenne den Nebenfluss von X nicht.,,FALSE,
http://www.wikidata.org/entity/P98,Herausgeber,Y ist Editor X,Ich kenne den Herausgeber von X nicht.,,FALSE,
http://www.wikidata.org/entity/P991,erfolgreicher Kandidat,Y war ein erfolgreicher Kandidat von X.,Ich kenne keinen erfolgreichen Kandidaten von X.,,FALSE,
http://www.wikidata.org/entity/P3189,innerviert durch,X wird durch Y innerviert.,"Ich weiß nicht, wovon X angeregt wurde.",,FALSE,
http://www.wikidata.org/entity/P155,Vorgänger,X folgt Y,"Ich weiß nicht, was X folgt.",,FALSE,
http://www.wikidata.org/entity/P1365,ersetzt,X folgt Y,"Ich weiß nicht, was X folgt.",,FALSE,
http://www.wikidata.org/entity/P286,Cheftrainer,Y ist ein Head Coach von X.,"Ich weiß nicht, wer der Cheftrainer von X ist.",,FALSE,
http://www.wikidata.org/entity/P1619,Eröffnungsdatum,X wurde in Y geöffnet.,"Ich weiß nicht, wann X offiziell eröffnet wurde.",,FALSE,
http://www.wikidata.org/entity/P1101,Stockwerke,X hat Y Stockwerke,"Sorry, ich bin mir der Anzahl der Stockwerke in X nicht bewusst.",,FALSE,
http://www.wikidata.org/entity/P571,"Gründung, Erstellung bzw. Entstehung",X wurde in Y gegründet.,"Ich weiß nicht, wann X gegründet wurde.",,FALSE,
http://www.wikidata.org/entity/P969,Adresse,X befindet sich bei Y,Ich kenne die genaue Adresse von X nicht.,,FALSE,
http://www.wikidata.org/entity/P2196,Anzahl der Lernenden,X hat Y Schüler.,"Ich weiß nicht, wie viele Schüler bei X sind.",,FALSE,
http://www.wikidata.org/entity/P1174,Besucher pro Jahr,X hat jährlich ca. Y Besucher.,"Sorry, ich weiß nicht, wie viele Besucher X jährlich besuchen.",,FALSE,
http://www.wikidata.org/entity/P2048,Höhe,X ist Y groß,"Sorry, ich kenne die Höhe von X nicht.",,FALSE,
http://www.wikidata.org/entity/P1083,Kapazität,X hat Y-Sitze,"Ich weiß nicht, wie viele Plätze es in X gibt.",,FALSE,
http://www.wikidata.org/entity/P2043,Länge,X ist Y lang,"Ich weiß nicht, wie lang X ist.",X hat Längen Y.,FALSE,
http://www.wikidata.org/entity/P2046,Fläche,X hat eine eine Fläche von Y.,"Ich weiß nicht, wie viel Platz X einnimmt.",X hat Flächen Y.,FALSE,
http://www.wikidata.org/entity/P2130,Kosten,X kostet Y.,Ich kenne die Kosten für X nicht.,X kostet Y.,FALSE,
http://www.wikidata.org/entity/P1451,Mottotext,X hat ein Motto Y,Ich bin mir des Mottos von X nicht bewusst.,X hat die Mottos Y.,FALSE,
http://www.wikidata.org/entity/P569,Geburtsdatum,X wurde am Y geboren.,Ich kenne den Geburtstag von X nicht.,X wurde am Y geboren.,FALSE,
http://www.wikidata.org/entity/P822,Maskottchen,Ein Maskottchen von X ist Y.,Ich kenne das Maskottchen von X nicht.,Die Maskottchen von X sind Y.,FALSE,
http://www.wikidata.org/entity/P570,Sterbedatum,X starb am Y.,"Ich weiß nicht, wann X gestorben ist.",X starb am Y.,FALSE,
http://www.wikidata.org/entity/P1477,Geburtsname,X wurde als Y geboren.,Ich kenne den Geburtsnamen von X nicht.,X wurde als Y geboren.,FALSE,
http://www.wikidata.org/entity/P1128,Beschäftigte,Y Mitarbeiter arbeiten bei X,"Im Moment kann ich nicht beantworten, wie viele Mitarbeiter bei X arbeiten.",Y Mitarbeiter arbeiten bei X,FALSE,
http://www.wikidata.org/entity/P1082,Einwohnerzahl,Die Bevölkerung von X ist Y.,"Sorry, ich bin mir der Population von X nicht bewusst.",Die Bevölkerung von X sind Y.,FALSE,
http://www.wikidata.org/entity/P885,Quelle des Wasserlaufs,Die Quelle von X ist Y.,"Sorry, ich kenne die Quelle von X nicht.",Die Quelle von X sind Y.,FALSE,
http://www.w3.org/2000/01/rdf-schema#label,Name,Das ist article(X) X.,"Sorry, ich weiß nicht, was das ist.",Das sind X.,TRUE,
http://www.w3.org/1999/02/22-rdf-syntax-ns#type,Typ,X ist ein Y.,"Sorry, ich weiß nicht, was es ist.",X ist ein Y.,FALSE,
http://www.wikidata.org/entity/P3189,innerviert durch,X wird durch Y innerviert.,"Ich bin mir nicht sicher, wer X verärgert hat.",X wird durch Y innerviert.,FALSE,
http://www.wikidata.org/entity/P279,Unterklasse von,X ist eine Unterklasse von Y,"Ich bin mir nicht sicher, zu welcher Kategorie X gehört.",X ist eine Unterklasse von Y,FALSE,
http://www.wikidata.org/entity/P150,Untereinheit (administrative Einheit),Y ist in X,"Ich habe nicht die Information, über welches Verwaltungsgebiet X verfügt.",Y sind in X,FALSE,
http://www.wikidata.org/entity/P156,Nachfolger,X ist Nachfolger von Y,"Ich weiß nicht, wer X folgt.",X ist Nachfolger von Y,FALSE,
http://www.wikidata.org/entity/P1308,Amtsinhaber,Y leitet X,"Ich habe keine Informationen darüber, wer das X-Büro innehatte.",Y leiten X,FALSE,
http://www.wikidata.org/entity/P105,taxonomischer Rang,X hat einen Taxonrang von Y.,Ich kenne den Taxonrang von X nicht.,X hat einen Taxonrang von Y.,FALSE,
http://www.wikidata.org/entity/P59,Sternbild,X ist in Konstellation Y.,"Mir ist nicht bekannt, zu welcher Konstellation X gehört.",X ist in Konstellation Y.,FALSE,
http://www.wikidata.org/entity/P171,übergeordnetes Taxon,Y ist ein übergeordnetes Taxon von X,Ich kann das übergeordnete Taxon von X nicht unterscheiden.,Y sind X übergeordnet,FALSE,
http://www.wikidata.org/entity/P179,Serie,X ist ein Teil von Y,"Ich kann die Serie, zu der X gehört, nicht erkennen.",X ist ein Teil von Y,FALSE,
http://www.wikidata.org/entity/P65,astronomischer Entdeckungsort,X wurde in Y entdeckt.,"Ich habe keine Informationen über den Ort, an dem X entdeckt wurde.",X wurde in Y entdeckt.,FALSE,
http://www.wikidata.org/entity/P31,ist ein(e),X ist ein Y,Ich weiß nichts über die Kategorien von X.,X ist Y,FALSE,
http://www.wikidata.org/entity/P155,Vorgänger,X ist Vorgänger von Y,"Ich bin nicht derjenige, der X folgt.",X ist Vorgänger von Y,FALSE,
Template 1,Anzahl der Räume,X hat Y Räume,"Ich weiß nicht, wie viele Räume X hat.",X hat Y Räume,TRUE,
Template 2,campus,X ist am Y,"Ich weiß nicht, wo X Campus ist.",X ist bei Y,FALSE,
Template 3,Anzahl der Restaurants,X hat Z Restaurants,"Ich weiß nicht, wie viele Restaurants X hat.",X hat Z Restaurants,TRUE,
http://linkedgeodata.org/ontology/openingHours,Öffnungszeiten,Die Öffnungszeiten von X sind Y,"Ich weiß nicht, wann X geöffnet ist.",Die Öffnungszeiten von X sind Y,,
http://dbpedia.org/ontology/abstract,Abstrakt,Y,,Y,,
http://kdds.com/history,Geschite,Y,,Y,,
class_http://linkedgeodata.org/ontology/Restaurant,Restaurants,Es gibt ein Restaurant Y neben X,"Ich weiß nicht, welche Restaurants neben X sind",Es gibt die Restaurants Y neben X
class_http://linkedgeodata.org/ontology/Cafe,Cafes,Ich weiß ein Cafe Y near X,"Ich weiß nicht, welche Cafes neben X sind",Es gibt die Cafes Y neben X